onelettersequence,label,weight,logP,TPSA(Tot),HBA,HBD,nN,nO,n(N+O)
CYFQNCPRG,BBB-,1086.438,-5.131,533.24,16.0,17.0,14.0,13.0,27.0
CYIQNCPLG,BBB+,1009.436,-3.545,471.34,15.0,14.0,11.0,13.0,24.0
SEEPPISLDLTFHLLREVLEMARAEQLAQQAHSNRKLMEII,BBB-,4755.484,-16.708,2043.8,65.0,67.0,59.0,64.0,123.0
HSDAVFTDNYTRLRKQMAVKKYLNSILN,BBB+,3324.74,-14.617,1473.2,48.0,51.0,43.0,43.0,86.0
YPSKPDNPGEDAPAEDLARYYSALRHYINLITRQRY,BBB-,4252.109,-17.243,1826.57,59.0,63.0,54.0,58.0,112.0
HGEGTFTSDLSKQMEEEAVRLFIEWLKNGGPSSGAPPPS,BBB+,4185.011,-20.005,1769.26,60.0,58.0,49.0,61.0,110.0
DFDMLRCMLGRVFRPCWQY,BBB-,2435.116,-4.461,1045.94,31.0,35.0,30.0,26.0,56.0
YRQSMNQGSRSTGCRFGTCTMQKLAHQIYQFTDKDKDGMAPRNKISPQGY,BBB+,5728.697,-33.255,2684.65,87.0,90.0,76.0,76.0,152.0
KCNTATCATQRLANFLVRSSNNLGPVLPPTNVGSNTY,BBB+,3920.963,-25.05,1795.67,59.0,60.0,51.0,54.0,105.0
HSDGTFTSEYSRLRDSARLQRLLQGLV,BBB+,3104.612,-17.542,1435.89,45.0,53.0,43.0,43.0,86.0
YGGFM,BBB+,573.226,-0.456,225.25,8.0,7.0,5.0,7.0,12.0
YGGFL,BBB+,555.269,-0.163,199.95,7.0,7.0,5.0,7.0,12.0
YPFPG,BBB+,579.269,0.172,182.37,7.0,5.0,5.0,7.0,12.0
DHYNCVSSGGQCLYSACPIFTKIQGTCYRGKAKCCK,BBB+,3931.776,-19.737,1828.9,61.0,62.0,48.0,50.0,98.0
GIGDPVTCLKSGAICHPVFCPRRYKQIGTCGLPGTKCCKKP,BBB+,4331.181,-17.546,1880.29,63.0,62.0,55.0,50.0,105.0
WAGGDASGE,BBB+,848.33,-5.734,406.74,13.0,14.0,10.0,15.0,25.0
APLEPEYPGDNATPEQMAQYAAELRRYINMLTRPRY,BBB+,4224.052,-15.858,1816.31,58.0,59.0,52.0,57.0,109.0
NSDSECPLSHDGYCLHDGVCMYIEALDKYACNCVVGYIGERCQYRDLKWWELR,BBB+,6217.745,-21.703,2779.32,88.0,94.0,73.0,83.0,156.0
GLGGIPPPGQSGLAVASALVDISQQMPIVYKEKSGAVRNRKQQPPAQPGTCI,BBB+,5308.818,-26.165,2249.46,75.0,71.0,68.0,70.0,138.0
VILSLDVPIGLLRILLEQARYKAARNQAATNAQILAHV,BBB+,4151.406,-13.819,1722.37,54.0,59.0,55.0,51.0,106.0
FTLSLDVPTNIMNLLFNIAKAKNLRAQAAANAHLMAQI,BBB+,4136.239,-15.313,1724.07,56.0,55.0,52.0,51.0,103.0
GSSFLSPEHQKAQQRKESKKPPAKLQPR,BBB+,3186.737,-17.583,1424.32,47.0,47.0,45.0,41.0,86.0
IKPEAPGEDASPEELNRYYASLRHYLNLVTRQRY,BBB+,4048.056,-16.25,1756.93,56.0,61.0,52.0,55.0,107.0
KKPYILKKPYIL,BBB+,1502.959,1.34,510.38,19.0,17.0,16.0,15.0,31.0
ECG,BBB+,307.084,-2.206,197.62,6.0,6.0,3.0,6.0,9.0
VPDPR,BBB+,582.313,-2.256,261.34,8.0,8.0,8.0,8.0,16.0
YGGFLRRIRPKLK,BBB-,1602.983,-3.638,661.7,20.0,25.0,24.0,15.0,39.0
HADGTYTSDVSTYLQDQAAKDFVSWLKSGRA,BBB+,3416.627,-18.419,1512.18,51.0,54.0,41.0,51.0,92.0
MEHFRW,BBB+,904.401,-0.364,377.79,11.0,13.0,12.0,9.0,21.0
CYFQNCPR,BBB+,1029.416,-4.247,504.14,15.0,16.0,13.0,12.0,25.0
MEHFPGP,BBB+,813.348,-1.223,311.62,11.0,8.0,9.0,10.0,19.0
YR,BBB+,337.175,-0.905,174.55,5.0,7.0,5.0,4.0,9.0
TFFYGGCRGKRNNFKTEEY,BBB+,2316.075,-10.4,1043.46,33.0,37.0,29.0,30.0,59.0
TFFYGGSRGKRNNFKTEEY,BBB+,2300.097,-11.338,1024.89,33.0,37.0,29.0,31.0,60.0
TFFYGGSRGKRNNFRTEEY,BBB+,2328.104,-12.203,1060.77,33.0,39.0,31.0,31.0,62.0
TFFYGGSRGRRNNFRTEEY,BBB+,2356.11,-13.069,1096.65,33.0,41.0,33.0,31.0,64.0
GKPRPYSPRPTSHPRPIRV,BBB+,2197.234,-10.043,917.6,30.0,32.0,34.0,24.0,58.0
YWAGGDASGE,BBB+,1011.393,-5.3,456.07,15.0,16.0,11.0,17.0,28.0
CYFQNCPRG,BBB+,1086.438,-5.131,533.24,16.0,17.0,14.0,13.0,27.0
DAEFRHDSGYQVHHQKLVFFAEDVGSNK,BBB+,3259.544,-14.556,1425.46,46.0,48.0,42.0,45.0,87.0
CKGKGAKCSRLMYDCCTGSCRSGKC,BBB+,2644.129,-17.22,1386.15,45.0,48.0,35.0,33.0,68.0
QRFSR,BBB+,692.372,-4.635,366.84,10.0,14.0,12.0,8.0,20.0
PFPG,BBB+,416.206,-0.342,127.84,5.0,4.0,4.0,5.0,9.0
LDHFRWK,BBB-,1000.524,-0.847,407.61,12.0,15.0,14.0,10.0,24.0
SKDYN,BBB-,625.271,-4.243,326.59,11.0,11.0,7.0,11.0,18.0
GLWEDLLYNINRYAHYIT,BBB-,2253.122,-4.209,906.09,29.0,32.0,26.0,29.0,55.0
SYPGWSW,BBB+,881.371,-1.174,321.4,11.0,12.0,9.0,11.0,20.0
YKVNEYQGPVAPSGGFFLFRPRN,BBB+,2642.339,-8.992,1054.23,34.0,35.0,33.0,32.0,65.0
ELYENLPRRPYIL,BBB+,1674.909,-2.559,676.89,21.0,23.0,20.0,21.0,41.0
KIPYIL,BBB+,745.474,1.544,246.28,9.0,8.0,7.0,8.0,15.0
GNLWATGHFM,BBB-,1132.512,-2.968,458.31,15.0,15.0,14.0,13.0,27.0
CYFQNCP,BBB+,873.315,-2.995,413.14,13.0,12.0,9.0,11.0,20.0
CYFQNC,BBB+,776.262,-2.986,392.83,12.0,12.0,8.0,10.0,18.0
HGLASTLTRWAHYNALIRA,BBB+,2150.15,-8.22,908.08,29.0,34.0,31.0,25.0,56.0
VQQLTKRFSL,BBB+,1218.708,-4.951,539.78,17.0,19.0,16.0,15.0,31.0
KLFMALVAFLRFLT,BBB+,1668.979,0.835,575.07,19.0,20.0,18.0,16.0,34.0
KSKAINVLRGFRKEIGRMLNILN,BBB+,2669.564,-10.065,1179.38,36.0,41.0,38.0,30.0,68.0
GPE,BBB+,301.127,-1.63,150.03,5.0,4.0,3.0,6.0,9.0
SGTQEEY,BBB+,812.319,-5.745,416.3,14.0,14.0,8.0,16.0,24.0
LLVVYPWT,BBB+,989.559,1.755,314.48,11.0,11.0,9.0,11.0,20.0
LVVYPWT,BBB+,876.475,1.225,285.38,10.0,10.0,8.0,10.0,18.0
VVYPWT,BBB+,763.39,0.694,256.28,9.0,9.0,7.0,9.0,16.0
VVYPWTQRF,BBB+,1194.619,-1.081,448.57,14.0,16.0,14.0,13.0,27.0
YPWTQRF,BBB+,996.482,-1.362,390.37,12.0,14.0,12.0,11.0,23.0
TWPKHFDKHTFYSILKLGKH,BBB+,2482.327,-4.315,931.56,33.0,33.0,31.0,27.0,58.0
GP,BBB+,172.085,-0.979,83.63,3.0,2.0,2.0,3.0,5.0
TP,BBB+,216.111,-1.23,103.86,4.0,3.0,2.0,4.0,6.0
GSSFLSPEHQKAQQRKESKKPPAKLQPR,BBB-,3186.737,-17.583,1424.32,47.0,47.0,45.0,41.0,86.0
PPL,BBB+,325.2,0.345,98.74,4.0,3.0,3.0,4.0,7.0
NFDVLTEQ,BBB+,964.45,-4.402,448.03,14.0,14.0,10.0,16.0,26.0
SLSHSPQ,BBB+,754.361,-5.932,361.59,13.0,12.0,10.0,12.0,22.0
NTGSPYE,BBB+,766.313,-5.494,370.21,13.0,12.0,8.0,14.0,22.0
RERMS,BBB+,677.328,-4.526,386.35,11.0,14.0,11.0,9.0,20.0
CGGKTFFYGGSRGKRNNFKTEEY,BBB+,2645.245,-14.077,1206.11,39.0,43.0,34.0,35.0,69.0
GLHTSATNLYLH,BBB+,1325.673,-5.97,564.79,20.0,20.0,17.0,18.0,35.0
VAARTGEIYVPW,BBB-,1360.714,-2.552,530.08,17.0,19.0,16.0,17.0,33.0
HLYLNTASTHLG,BBB+,1325.673,-5.97,564.79,20.0,20.0,17.0,18.0,35.0
WPVYIEGTRAAV,BBB+,1360.714,-2.552,530.08,17.0,19.0,16.0,17.0,33.0
VVIA,BBB+,400.269,0.231,150.62,5.0,5.0,4.0,5.0,9.0
FFIA,BBB+,496.269,1.404,150.62,5.0,5.0,4.0,5.0,9.0
SIWV,BBB+,503.274,0.271,186.64,6.0,7.0,5.0,6.0,11.0
RLLRLLRRRRRRR,BBB-,1875.257,-9.23,969.62,23.0,41.0,40.0,14.0,54.0
RRRRRRRRR,BBB-,1422.921,-11.354,853.22,19.0,37.0,36.0,10.0,46.0
PLIYLRLLRGQWC,BBB-,1629.918,-1.103,640.24,19.0,24.0,21.0,16.0,37.0
AGGDASGE,BBB+,662.251,-6.942,361.85,12.0,12.0,8.0,14.0,22.0
HADGTYTVDVSTYLQDQAAKDFVSWLKSGRA,BBB+,3428.664,-16.756,1491.95,50.0,53.0,41.0,50.0,91.0
FPGP,BBB+,416.206,-0.261,133.04,5.0,3.0,4.0,5.0,9.0
HFPGP,BBB+,553.265,-0.81,190.82,7.0,5.0,7.0,6.0,13.0
EHFPGP,BBB+,682.307,-1.461,257.22,9.0,7.0,8.0,9.0,17.0
YGRKKRRQRRR,BBB-,1558.951,-10.071,841.08,22.0,34.0,32.0,14.0,46.0
DAEFRHDSGYEVHHQKLVFFAEDVGSNKGAIIGLMVGGVVIA,BBB+,4511.27,-15.698,1852.37,61.0,62.0,55.0,60.0,115.0
GCF,BBB+,325.11,-0.828,160.32,5.0,5.0,3.0,4.0,7.0
ATWLPPR,BBB+,839.465,-1.246,318.26,10.0,11.0,11.0,9.0,20.0
RRRRRRRRRRR,BBB+,1735.123,-13.858,1035.22,23.0,45.0,44.0,12.0,56.0
EEEEEEEEEEE,BBB+,1437.479,-7.241,764.62,23.0,23.0,11.0,34.0,45.0
