onelettersequence,label
CYFQNCPRG,BBB-
CYIQNCPLG,BBB+
Pyr-HP,BBB+
fCFwKTCT,BBB+
fCYwKVCW-NH2,BBB-
SEEPPISLDLTFHLLREVLEMARAEQLAQQAHSNRKLMEII,BBB-
HSDGIFTDSYSRYRKQMAVKKYLAAVL-NH2,BBB+
HSDGIFTDSYSRYRKQMAVKKYLAAVLGKRYKQRVKNK-NH2,BBB+
HSDAVFTDNYTRLRKQMAVKKYLNSILN,BBB+
YPSKPDNPGEDAPAEDLARYYSALRHYINLITRQRY,BBB-
Pyr-PLPDCCRQKTCSCRLYELLHGAGNHAAGILTL-NH2,BBB-
RPGPPGLQGRLQRLLQANGNHAAGILTM-NH2,BBB-
HGEGTFTSDLSKQMEEEAVRLFIEWLKNGGPSSGAPPPS,BBB+
DFDMLRCMLGRVFRPCWQY,BBB-
YaFDVVG-NH2,BBB+
YaFEVVG-NH2,BBB+
YRQSMNQGSRSTGCRFGTCTMQKLAHQIYQFTDKDKDGMAPRNKISPQGY,BBB+
DDPPLSIDLTFHLLRTLLELARTQSQRERAEQNRIIFDSV-NH2,BBB-
A-chain:GIVEQCCTSICSLYQLENYCN B-chain: FVNQHLCGSHLVEALYLVCGERGFFYTPKT,BBB+
GSS(octanoyl)FLSPEHQRVQQRKESKKPPAKLQPR,BBB-
KCNTATCATQRLANFLVRSSNNLGPVLPPTNVGSNTY,BBB+
HSDGTFTSEYSRLRDSARLQRLLQGLV,BBB+
YGGFM,BBB+
YGGFL,BBB+
YPWF-NH2,BBB+
YPFF-NH2,BBB+
YPFPG,BBB+
YPWG-NH2,BBB+
YaGF-NH-NH-FGaY,BBB+
Y-Pen-GF-Pen,BBB-
YaFEVVG-NH2,BBB+
YtGFLS-NH2,BBB-
YtGFLS-(β-D-Glc)-NH2,BBB-
CH3-YGGFLR-CH3R-l-NHC2H5,BBB+
M(O2)-EHFkF-NH-(CH2)8-NH2,BBB+
DHYNCVSSGGQCLYSACPIFTKIQGTCYRGKAKCCK,BBB+
GIGDPVTCLKSGAICHPVFCPRRYKQIGTCGLPGTKCCKKP,BBB+
WAGGDASGE,BBB+
APLEPEYPGDNATPEQMAQYAAELRRYINMLTRPRY,BBB+
NSDSECPLSHDGYCLHDGVCMYIEALDKYACNCVVGYIGERCQYRDLKWWELR,BBB+
VPIYEKKYGQVPM(O)CDAGEQCAVRKGARIGKLCDCPRGTSCNSFLLKCL,BBB+
GLGGIPPPGQSGLAVASALVDISQQMPIVYKEKSGAVRNRKQQPPAQPGTCI,BBB+
VILSLDVPIGLLRILLEQARYKAARNQAATNAQILAHV,BBB+
FTLSLDVPTNIMNLLFNIAKAKNLRAQAAANAHLMAQI,BBB+
Pyr-HWSYGLRPG,BBB+
GSSFLSPEHQKAQQRKESKKPPAKLQPR,BBB+
IKPEAPGEDASPEELNRYYASLRHYLNLVTRQRY,BBB+
Ac-SYSMEHFRWGKPV,BBB+
YaG-(Cl)F-NH-NH-(Cl)F-GaY,BBB+
KKPYILKKPYIL,BBB+
ECG,BBB+
Y-(D)Pen-G-(Cl)F-(D)Pen,BBB+
VPDPR,BBB+
fCYwRT-Pen-T-NH2,BBB-
YcGFcSG-NH2,BBB-
YcGFc-(β-D-Glc)SG-NH2,BBB-
YcGFc-(α-D-Glc)SG-NH2,BBB-
YcGFc-(β-D-Glc)sG-NH2,BBB-
YcGFc-(β-D-Xyl)SG-NH2,BBB-
YGGFLRRIRPKLK,BBB-
HADGTYTSDVSTYLQDQAAKDFVSWLKSGRA,BBB+
c(HP),BBB-
G-Sar,BBB+
YaGFl,BBB-
YrFK,BBB-
YaG-(N-Me)F-G-OH,BBB+
QQLLGTGRVQGYDGYFVLSVEQYLELSDSANNIHFMRQSEI-NH2,BBB+
MEHFRW,BBB+
CYFQNCPR,BBB+
MEHFPGP,BBB+
YrF-βA,BBB-
RPKPQQFFGLM-NH2,BBB+
YaGFLR,BBB+
YR,BBB+
YrFSar,BBB-
YaFF-NH2,BBB+
fCYwOrnTPenT-NH2,BBB-
YaFGYPS-NH2,BBB+
FNAPFDVGIKLSGAQYQQHGRAL-NH2,BBB+
(Me2)Y-rFK-NH2,BBB-
(Me2)Y-rF-Nle-NH2,BBB-
(Me2)Y-cit-FK-NH2,BBB-
(Me2)Y-r-Aba-G-NH2,BBB+
Guan-ONNRPVYIPRPRPPHPRL-NH2,BBB-
Guan-ONNRPVYIPRPRPPHPRL,BBB+
SSRRCVRLHESCLGQQVPCCDPCATCYCRFFNAFCYCRKLGTAMNPCSRT-NH2,BBB-
fCYwKVCT-NH2,BBB-
Ac-fCYwKVCT-NH2,BBB-
YaFGYPK,BBB+
Pyr-(Me)HP,BBB+
Dmt-rF-(NMe)K-NH2,BBB-
Dmt-D-Cit-F-NMeK-NH2,BBB-
(Me2)YPFF-NH2,BBB+
(NMe)YGGFLR(NMe)Rl-NHC2H5,BBB+
Nα-amidino-YrFbA,BBB-
Nα-amidino-YrF(Me)bA,BBB-
Pyr-N(CPHR)CPRG-NH2,BBB-
cyclo(YaGFl) linker: -COOCH2O-,BBB-
cyclo(YaGFl) linker: -COC=C-phenoxy-(coumarinic acid),BBB-
cyclo(YaGFl) linker:-COC=C-phenoxy-CH2O- (oxymethyl coumarinic acid),BBB-
YaGFLR-NHC2H4S-SC2H4NH-RGGRLSYSRRRFSTSTGR-NH2,BBB+
YaGFLR-C2H4S-SC2H4-RRLSYSRRRF-NH2,BBB+
"Y-(1S,2R)Acpc-FF-NH2",BBB+
"Y-(1S,2R)Achc-FF-NH2",BBB+
TFFYGGCRGKRNNFKTEEY,BBB+
TFFYGGSRGKRNNFKTEEY,BBB+
TFFYGGSRGKRNNFRTEEY,BBB+
TFFYGGSRGRRNNFRTEEY,BBB+
HGEGTFTSDLSKQMEEEAVRLFIEWLKNGGPSSGAPPPS-NH2,BBB+
VDKPPYLPRPRPPRRIYNR-NH2,BBB+
GKPRPYSPRPTSHPRPIRV,BBB+
GKPR-Hyp-YSPRPTSHPRPIR,BBB-
YaGF-(thiourea)A-NH2,BBB+
YaGF-(Nω-methylguanidino)A-NH2,BBB-
Y-cyclo(aGF-(Nω-methylguanidino)A-)-NH2,BBB-
Y-cyclo(aGF-(Nω-methylguanidino)A-)-NH2,BBB-
GSS(octanoyl)FLSPEHQKAQQRKESKKPPAKLQPR,BBB-
(2'-N-succinimide-paclitaxel)TFFYGGSRG-(2'-N-succinimide-paclitaxel)KRNNF(2'-N-succinimide-paclitaxel)KTEEY,BBB+
Benzylpenicillin-RGGRLSYSRRRFSTSTGR,BBB+
Doxorubicin-linker-RGGRLSYSRRRFSTSTGR,BBB+
Doxorubicin-linker-rqikiwfqnrrmkwkk,BBB+
Doxorubicin-linker-RRLSYSRRRF,BBB+
Doxorubicin-linker-rrlsysrrrf,BBB+
RRLSYSRRRF-NH2,BBB+
YGRKKRRQRRR-NH2,BBB+
LLIILRRRIRKQAHAHSK-NH2,BBB+
AGYLLGKINLKALAALAKKIL-NH2,BBB-
AGYLLGKINLKPLAALAKKIL-NH2,BBB-
aSTTTNYT-NH2,BBB+
"(N<sup>α</sup>Me)RK-(3,4-dehydro)PWtLL",BBB+
YWAGGDASGE,BBB+
,BBB+
CYFQNCPRG,BBB+
,BBB+
,BBB+
,BBB+
,BBB+
,BBB+
,BBB+
,BBB+
YPLG-NH2,BBB+
PLG-NH2,BBB+
DAEFRHDSGYQVHHQKLVFFAEDVGSNK,BBB+
Asp-Ala-Glu-Phe-Arg-His-Asp-Ser-Gly-Tyr-Glu-Val-His-His-Gln-Lys-Leu-Val-Phe-Phe-Ala-Glu-Asp-Val-Gly-Ser-Asn-Lys-Gly-Ala-Ile-Ile-Gly-Leu-Met-Val-Gly-Gly-Val-Val,BBB+
YaFSvVG-NH2,BBB-
YaFSaVG-NH2,BBB-
YaFQvVG-NH2,BBB-
YaFQaVG-NH2,BBB-
RRYaFEVVG-NH2,BBB-
RYaFEVVG-NH2,BBB-
KKYaFEVVG-NH2,BBB+
KYaFEVVG-NH2,BBB-
APYaFEVVG-NH2,BBB-
PPYaFEVVG-NH2,BBB+
Abu-Abu-YaFEVVG-NH2,BBB+
mPEG-Y-pen-GF-pen,BBB+
Y-pen-GF-Pen-F-NH2,BBB-
Y-pen-GF-Pen-F,BBB-
Y-pen-G-pCl-F-Pen-F,BBB+
Y-pen-G-pBr-F-Pen-F,BBB+
Y-pen-G-pF-F-Pen-F,BBB-
Y-pen-G-pI-F-Pen-F,BBB-
Guan-YPFF-NH2,BBB+
YPFP-NH2,BBB+
Guan-YPFP-NH2,BBB+
FY-pen-GF-pen,BBB+
Y-pen-GF-pen-F,BBB+
Y-pen-GF-pen-RG,BBB+
Y-pen-GF-pen-FA-NH-(CH2)5-CONH2,BBB+
Y-pen-GFC,BBB+
Y-pen-GFCRPA,BBB+
A-chain: Gly-Ile-Val-Glu-Gln-Cys-Cys-Thr-Ser-Ile-Cys-Ser-Leu-Tyr-Gln-Leu-Glu-Asn-Tyr-Cys-Asn B-chain:Phe-Val-Asn-Gln-His-Leu-Cys-Gly-Ser-His-Leu-Val-Glu-Ala-Leu-Tyr-Leu-Val-Cys-Gly-Glu-Arg-Gly-Phe-Phe-Tyr-Thr-Pro-Lys-myristic acid,BBB-
CKGKGAKCSRLMYDCCTGSCRSGKC,BBB+
CKGKGAKCSRL-Nle-YDCCTGSCRSGKC,BBB-
CKGKGA-Hyp-CRKTMYDCCSGSCGRRGKC,BBB-
CLS-Hyp-GSSCS-Hyp-TSYNCCRSCN-Hyp-YSRKCR,BBB-
THRPPMWSPVWP-NH2,BBB+
T(NMe)H(NMe)RPPM(NMe)WSPVWP-NH2,BBB+
thrppmwspvwp-NH2,BBB+
pwvpswmpprht-NH2,BBB+
QRFSR,BBB+
PFPG,BBB+
LDHFRWK,BBB-
SKDYN,BBB-
GLWEDLLYNINRYAHYIT,BBB-
SYPGWSW,BBB+
YKVNEYQGPVAPSGGFFLFRPRN,BBB+
ELYENLPRRPYIL,BBB+
KIPYIL,BBB+
GNLWATGHFM,BBB-
CYFQNCP,BBB+
CYFQNC,BBB+
YaFGYPS-NH2,BBB+
YaFGYPS-NH2,BBB+
YaFGYPS-NH2,BBB+
YaFGYPS-NH2,BBB+
HGLASTLTRWAHYNALIRA,BBB+
qshyrhispaqv,BBB+
rprtrlhthrnr,BBB+
,BBB+
VQQLTKRFSL,BBB+
KLFMALVAFLRFLT,BBB+
,BBB+
KSKAINVLRGFRKEIGRMLNILN,BBB+
GPE,BBB+
,BBB+
,BBB+
,BBB+
,BBB+
,BBB+
,BBB+
SGTQEEY,BBB+
cKFFD,BBB-
,BBB-
LLVVYPWT,BBB+
LVVYPWT,BBB+
VVYPWT,BBB+
VVYPWTQRF,BBB+
YPWTQRF,BBB+
TWPKHFDKHTFYSILKLGKH,BBB+
rprtrlhthrnrrprtrlhthrnr,BBB-
ptlhthnrrrrrrprtrlhthrnr,BBB-
ptlhthnrrrrrrprtrlhthrnr,BBB+
sGswlrdvwdwictvltdfktwlqskl,BBB+
Cav-RPYIL,BBB+
R-Cav-PYIL,BBB+
cGflGGrrrGfGGIGGc,BBB+
GP,BBB+
TP,BBB+
GSSFLSPEHQKAQQRKESKKPPAKLQPR,BBB-
rkrirlvtkkkr,BBB-
rkrirlvtkkkrrkrirlvtkkkr,BBB+
rkrirlvtkkkrr,BBB-
PPL,BBB+
NFDVLTEQ,BBB+
SLSHSPQ,BBB+
NTGSPYE,BBB+
RERMS,BBB+
AGILKRW-NH2,BBB+
SGTQEEY-NH2,BBB+
(pwvpswmpprht)2KKGKG,BBB-
pwvpswmpprhtkkc,BBB-
(pwwpswmpprht-O2Oc)2kkkc,BBB-
Ac-FFFF-CONH2,BBB+
Ac-FFF-N-MeF-CONH2,BBB+
Ac-FF-N-MeFF-CONH2,BBB+
Ac-F-N-MeFFF-CONH2,BBB+
Ac-N-MeFFFF-CONH2,BBB+
Ac-FF-N-MeF-N-MeF-CONH2,BBB-
Ac-F-N-MeFF-N-MeF-CONH2,BBB+
Ac-N-MeFFF-N-MeF-CONH2,BBB+
Ac-F-N-MeF-N-MeFF-CONH2,BBB-
Ac-N-MeFF-N-MeFF-CONH2,BBB+
Ac-N-MeF-N-MeFFF-CONH2,BBB+
Ac-N-MeF-N-MeF-N-MeFF-CONH2,BBB+
Ac-N-MeF-N-MeFF-N-MeF-CONH2,BBB+
Ac-N-MeFF-N-MeF-N-meF-CONH2,BBB+
Ac-F-N-MeF-N-MeF-N-MeF-CONH2,BBB+
Ac-N-MeF-N-MeF-N-MeF-N-MeF-CONH2,BBB+
CGGKTFFYGGSRGKRNNFKTEEY,BBB+
HKKWQFNSPFVPRADEPARKGKVHIPFPLDNITC RVPMAREPTVIHGKREVTLHLHPDH,BBB+
cyclo(K(5Br)WK(5Br)Wp),BBB-
cyclo(K(6Br)WK(6Br)Wp),BBB-
cyclo(K(7Br)WK(7Br)Wp),BBB-
cyclo(KWKWp),BBB-
H-KWKWp-OH,BBB-
cyclo(K(5&)WK(5&)Wp),BBB+
cyclo(K(6&)WK(6&)Wp),BBB-
Cyclo(K(7&)WK(7&)Wp),BBB+
GLHTSATNLYLH,BBB+
VAARTGEIYVPW,BBB-
HLYLNTASTHLG,BBB+
WPVYIEGTRAAV,BBB+
"(2S)-2-methyl-3-(2, 6-dimethyl-4-hydroxyphenyl) propanoic acid-NH-GGFLRRIRPKNH2",BBB-
FYNRGNTKYEFGFESRGKT-OH,BBB+
N-Cyclohexylethyl-NH-ADAV-COOH,BBB+
N-Cyclohexylethyl-NH-A-OMeDAV-COOH,BBB+
VVIA,BBB+
F(4-F)-VIA,BBB+
N-MeFVIA,BBB+
V-Oic-IA with Oic = octahyrdoindole-2-carboxylic acid,BBB+
VV-N-MeIA,BBB+
FFIA,BBB+
VYAYMYILWaGilkrw,BBB+
VYAYMYILWsksksk,BBB+
aGilkrwKTLVLILVV,BBB+
skskskKTLVLILVV,BBB+
SIWV,BBB+
FSRYAR acetate salt,BBB+
"Y-c[cGFC]PQRF-NH2 with 1st c = cyclic, 2nd c = D-Cys",BBB-
RLLRLLRRRRRRR,BBB-
RRRRRRRRR,BBB-
PLIYLRLLRGQWC,BBB-
WAGaDASGE-NH2,BBB+
AGGDASGE,BBB+
WAaGDASGE,BBB+
WAGaDASGE,BBB+
HADGTYTVDVSTYLQDQAAKDFVSWLKSGRA,BBB+
RKKRRQRRRFNAPFDVGIKLSGVQYQQHSQAL-NH2,BBB+
HAEGTFTSDVSSYLEGQAAKaEFIAWLVRGRG,BBB+
HGEGTFTSDLSKQMEEEAVRLFIEWLKNGGPSSGAPPSKKKKKK-NH2,BBB-
H-aminoisobutyric acid-EGTFTSDVSSYLEGQAAKEFIAWLVRGRG,BBB+
P +GP + PGP,BBB+
FPGP,BBB+
HFPGP,BBB+
EHFPGP,BBB+
Y-aminoisobutyric acid-EGTFTSDYSIYLDKQAA-aminoisobutyric acid-EFVNWLLAGGPSSGAPPPSC-NH2,BBB-
YXEGTFTSDYSIYLDKQAAXEFVNWLLAGGPSSGAPPPSK-NH2,BBB+
Y-aminosobutyric acid-EGTFTSDYSIYLDKQAA-aminoisobutyric acid- EFVNWLLAGGPSSGAPPPSK-NH2,BBB+
YXEGTFTSDYSIYLDKQAAXEFVNWLLAGGPSSGAPPPSKKKKKK-NH2,BBB+
YGRKKRRQRRR,BBB-
Ornithine-NNRPVYIPRPRPPHPRL-NH2,BBB-
DAEFRHDSGYEVHHQKLVFFAEDVGSNKGAIIGLMVGGVVIA,BBB+
tkwGhvnk,BBB+
GCF,BBB+
ATWLPPR,BBB+
Ac-VQITYK-NH2,BBB+
Ac-VQILYK-NH2,BBB+
VQIVYK-NH2,BBB+
VQILYK-NH2,BBB+
VQIYK-NH2,BBB+
vqivyk-NH2,BBB+
RRRRRRRRRRR,BBB+
EEEEEEEEEEE,BBB+
YtGFLS(β-O-Glc)-CONH2,BBB+
YrGF(4-NO2)-P-NH2,BBB+
CNCKAPETALCARRCQQH-NH2,BBB-
CNCKAPETALCAOOCQQH-NH2,BBB-
YXEGTFTSDYSIYLDKQAA XEFVNWLLAGGPSSGAPPPSKRRQRRKKRGY-NH2,BBB+
CH3CO-YWK-4-methyl-gammabutyrolactone,BBB+
